"issue_order","current_page","is_read","last_read_at"
"1","1","0","2026-03-10T20:26:14.716952"
"2","1","0","2026-03-10T20:25:19.692799"
"3","1","0","2026-03-10T20:25:20.630516"
"4","1","0","2026-03-10T07:01:58.638Z"
"5","1","0","2026-03-10T07:01:59.829Z"
"6","1","0","2026-03-10T06:58:17.163Z"
"7","6","0","2026-03-10T06:59:07.822Z"
"8","1","0","2026-03-10T06:58:22.214Z"
"48","1","0","2026-03-10T06:54:52.881Z"
"59","1","0","2026-03-10T06:53:58.746Z"
"987","33","1","2026-03-10T03:07:06.063294"
"988","24","1","2026-03-10T03:07:13.048459"
"989","24","1","2026-03-10T03:07:16.859027"
"990","25","1","2026-03-10T03:07:20.416214"
"991","1","0","2026-03-10T03:07:21.375352"